Abaixador de Lingua;1151050
Abre-Boca;1151060
Absorvente de CO2;2501025
ABSORVENTE ODONTOLîGICO;1151091
Absorventes Cirurgicos;2501010
Acelerador Linear;1332020
Acess—rio de Acet‡bulo para artroplastia de quadril;2700021
ACESSîRIO PARA AMNIOSCîPIO;1511062
Acess—rio para componentes femorais - artroplastia de joelho ;2700034
Acess—rio para componentes tibiais - artroplastia de joelho;2700033
Acessorio Para Estetica Dental;2101462
Acess—rios para Cirurgia Oftalmol—gica;2502006
Acessorios Para Endoscopia;2501023
Acessorios Para Esterilizacao de Produtos;2501720
ACESSîRIOS PARA LAVADORA DESINFECTORA;1571253
Acess—rios para Mesa Cirœrgica;1551051
Acessorios para Ostomia;2501021
Acessorios Para Radiocirurgia;2501970
Acess—rios para Radiologia;2502003
Acessorios Proteticos e Ortopedicos Externos;2501020
Acess—rios radiol—gicos;1399001
Adaptador de Agulha;2501065
Adaptadores;2501066
Adaptadores Para Canula;2501075
Adesivo Odontologico;2101011
Adesivo Para Selagem de Materiais;2501033
Adesivos Cirurgicos;2501030
Adesivos Para Dentadura;2101010
Afastador Cirurgico Odontologico;1151024
Afastador Gengival;2101265
Afastador/Aproximador Cirurgico;1551080
Agente de Ades‹o/Silaniza‹o;2101020
Agente de Obturacao Provisoria;2109001
Agente Inibidor da Carie Dental;2101255
Agentes Cimentantes;2109290
Agentes Clareadores Dentais;2101392
Agitador e Homogeneizador;1671010
Agulha de Fistula;2501115
Agulha de Infus‹o descart‡vel;2501051
Agulha Para Acupuntura;2501041
AGULHA PARA BIîPSIA;2501047
Agulhas;2501040
Agulhas Descartaveis;2501050
Agulhas Gengivais Descartaveis;2101030
Agulhas Para Sutura;2501060
Alavanca Odontologica;1151070
Alca de Polipectomia;1551333
Alca de Resseccao;2501870
Alcas Para Endoscopia;1511445
Algodao;2501070
Alicate;1551090
Alicates Ortodonticos;2101355
Almofada;1530001
Almofadas Terapeuticas;2501080
ALMOFADAS TƒRMICAS TERAPæUTICAS ;2501079
Am‡lgama Encapsulado;2101420
Amnioscopio;1511061
Ampola de Raios-X;1391015
Analisador de Aparelho Auditivo;1531047
ANALISADOR DE FERTILIDADE POR TEMPERATURA;1511360
Analisador de Fluxo Ventilatorio;1511260
Analisador de Gases Respiratorios;1511180
Analisador de MARCAPASSO implant‡vel, intra-operat—rio;9000132
Analisador de Oxigenio;1511020
Analisador de Oximetria e Capnografia;1519991
Analisador de Percentual de Gordura;2809075
Analisador de Potenciais Evocados;1511380
ANALISADOR RADIOGRçFICO DE AMOSTRAS DE BIOPSIA;1311046
Analisador Scheimpflug para oftalmologia;1519603
åNCORA;9000032
Andador;1531260
Anel Craniano Para Esteretaxia;1551025
Anel de Ferrara;2701460
Anel Elastico Para Ortodontia;2101172
Anel Para Anuloplastia;2701010
Anti-sŽptico bucal;2101467
ANTI-SƒPTICO PARA USO EM FERIDAS;2502061
Antisseptico para Preparos de Cavidades;2101393
Anuscopio;1511437
Aparelho a Laser Para Diagn—stico Odontol—gico;1111010
Aparelho a Laser Para Diagnostico Oftalmologico;1519110
Aparelho a Laser para Tratamento MŽdico e Odontol—gico;1111013
Aparelho a Laser Para Tratamento Odontologico;1111012
Aparelho a Laser Para Tratamento Oftalmol—gico;1111011
Aparelho Auditivo;1531045
Aparelho Auditivo com Transmissor para Implante Coclear;1531043
APARELHO AUDITIVO COM TRANSMISSOR PARA IMPLANTE OSSEO;1531049
Aparelho auditivo de condu‹o —ssea, usado na cabea;9000157
Aparelho Auxiliar para Locomo‹o de portadores de deficincia f’sica;1571033
Aparelho de Acupuntura;1511485
Aparelho de Anestesia;1551010
Aparelho de Fototerapia para Tratamento de Acne ;1531042
Aparelho de Hidromassagem;2809015
Aparelho de Infravermelho;2809070
Aparelho de Jato;1171030
APARELHO DE LIMPEZA/DESINFEC‚ÌO DE ENDOSCîPIO DIGESTIVO;1571066
Aparelho de Multiplo Uso em Estetica;2809001
APARELHO DE RADIOFREQUENCIA PARA ESTƒTICA;2809009
Aparelho de Raio-X Odontologico Panoramico;1311042
Aparelho de Raios X Odontologico;1311040
Aparelho de Succao de Baixa Potencia;1171050
Aparelho de Ultra-Som;1311010
Aparelho de Ultra-Som Para Densitometria Ossea;1311016
Aparelho de Ultra-Som para Oftalmologia;1311014
Aparelho de Ultra-Som Para Terapia;1531015
Aparelho Destruidor e Inutilizador;1571045
Aparelho Fixo para Raio-X;1311055
aparelho gerador de ruido auditivo;1531044
Aparelho Insuflador de CO2;1531030
Aparelho Movel Para Raio X;1311050
Aparelho P/ Movimentacao/Transferencia de Paciente;1571050
Aparelho P/Limpeza de Instrumental por Ultrasom;1571060
Aparelho P/Limpeza e Desinfeccao de Instrumental;1571061
Aparelho Para Densitometria Ossea;1311070
Aparelho para Diatermia;1531280
Aparelho para Disfluncia Verbal;1531046
Aparelho Para Eletrochoque;1531020
Aparelho Para Ergonometria;1511120
Aparelho Para Fisioterapia;1531080
Aparelho para Fisioterapia Por Ondas Curtas;1531081
Aparelho para Fototerapia;1531040
Aparelho Para Hemodialise;1531090
Aparelho para Hidromassagem por Imersao;1531270
Aparelho Para Iontoforese;1531310
Aparelho Para Limpeza de Endoscopio;1571065
Aparelho para Mamografia;1311030
Aparelho para Massagem Mecanoterapica;2809085
Aparelho para Medicao de Radionuclideos;1311170
Aparelho Para Movimentacoes de Dentes;2101145
Aparelho Para Nebulizacao de Medicamentos;2501035
Aparelho Para Ordenha de Leite Materno;1571150
Aparelho para Peeling;2809051
Aparelho Para Perfuracao e Colocacao de Brincos;2501946
Aparelho para Polimerizacao de Resinas;1171070
APARELHO PARA RESFRIAMENTO EM TRATAMENTOS DERMATOLîGICOS;1331077
Aparelho para Separacao de Celulas;1671550
APARELHO PARA TATUAGEM/MAQUIAGEM DEFINITIVA;2501447
Aparelho para testes audiometricos;1511282
Aparelho para Tracao Cervical;1531010
Aparelho Para Tracao Ortopedica;1531250
APARELHO PARA VISUALIZA‚ÌO DE VEIAS;1671139
Aparelho Utilizado em Laborat.de Protese Dental;1179990
Aplicador de Amalgama;1151080
APLICADOR DE CLIPS PARA TECIDO;9000033
APLICADOR DE CLIPS PARA TECIDO E DISPOSITIVOS ASSOCIADOS;9000034
Aplicador e Misturador de Cimento Ortopedico;1551630
Aplicadores;2501112
Aquecedor;1531050
AQUECEDOR DE FILTRO PARA VENTILA‚ÌO MECåNICA ;2501389
Aquecedor de Fluidos;1551105
Aquecedor Endodontico para Gutta Percha;1171298
Arco Cirurgico;1311026
Articulador Odontologico;1171176
Artigo Para Fisioterapia Motora;2501925
Artigo Para Radioprotecao;2301090
Artigos e Materiais Para Fertilizacao In Vitro;2501995
Artigos Odontologicos Abrasivos;2101060
Artroscopio;1511680
Aspirador;1551020
Aspirador Cirurgico;1551115
Aspirador Cirurgico Manual;1551120
Aspirador de Fluidos Fisiologicos;1571170
Assento Pneumatico;1530005
Ataduras;2501110
Audiometro;1511280
Auto Matrizes de Aco Inoxidavel;2101023
Autoclave;1571010
Avental de Chumbo;2301060
Balao;2501151
Bal‹o Intra-—rtico;2501193
Balao Intragastrico;2701005
Balao Para Oclusao Vascular;2501155
Balao Retrator de Orgao;2501145
Baloes Dilatadores;2501150
Banda Gastrica;2701450
Bandagem;2501141
Bandas Ortod™nticas;2101050
Banho-Maria para Implantes;1671021
Barra Paralela Para Fisioterapia;1531265
Barreira Anti-Adesao;2701012
BARREIRA CONTRA ANTêGENOS;2701013
Barreira Gengival Fotopolimerizavel;2101402
Bengalas;2501171
Berco Aquecido;1531115
Berco Hospitalar;1771050
Bicicleta Ergometrica para avalia‹o cl’nica;1530003
BICO PARA MAMADEIRA;1179995
bilirrubin™metro transcut‰neo;9000114
Biomateriais para Enxertos e Preenchimentos;2109250
Bisturi a Laser;1551040
Bisturi Cirurgico;1551035
Bisturi Descartavel;2501116
Bisturi Odontologico;2101398
BOCAL PARA ESPIRïMETRO;1511132
Bolsa Coletora de Perna;2501169
Bolsa de Alimentacao;2501166
Bolsa para Coleta de Orgaos;2501163
BOLSA PARA COLETA E CRIOPRESERVA‚ÌO DE HEMODERIVADOS;2501179
Bolsa para Colostomia;2502040
BOLSA PARA MISTURA DE SOLU‚ÌO ESTƒRIL;2501164
Bolsa para Mistura de Solucao Parenteral;2501167
Bolsa Para Reinfusao;2501175
BOLSA PARA UROSTOMIA;2501161
Bolsas Coletoras;2501160
Bolsas de Sangue;2501165
Bolsas Plasticas;2501168
Bolsas(de Agua,Silicone,Gel,Gelo e Outras);2501180
Bomba Centrifuga;1551045
BOMBA CENTRêFUGA PARA SISTEMA DE DERIVA‚ÌO (BY-PASS) CARDIOPULMONAR;9000001
Bomba de Infusao;1531070
BOMBA DE INFUSÌO DE ANESTƒSICOS PARA ODONTOLOGIA;1531068
Bomba de Infusao Descartavel;2501865
BOMBA DE INFUSÌO E IRRIGA‚ÌO PARA ARTROSCOPIA;1511687
BOMBA DE INFUSÌO IMPLANTAVEL;9000002
Bomba de Infus‹o Implant‡vel;1531069
BOMBA DE IRRIGA‚ÌO PARA ARTROSCOPIA;1511686
Bomba de Irriga‹o para Cirurgia;1531077
Bomba de Leite Materno Automatica;1571025
Bomba de sangue;2501833
Bomba de Succao Para Retirada de Corpos Estranhos;1531210
Bomba de Vacuo;1591010
Bomba de Vacuo Para Estetica;2809045
Bomba de V‡cuo para Terapia/EstŽtica;2809046
BOMBA INTRACARDêACA;2501834
Bomba para Circula‹o Extra-Corp—rea;2501832
BOMBA PARA HISTEROSCOPIA;1539501
Bomba para Inala‹o;1531076
Bomba Para Nutricao;1531071
Box Para Desinfeccao de Limas Endodonticas;2301050
BRA‚ADEIRA PARA APARELHO DE PRESSÌO;1771111
Bracadeira Para Injecao;1771110
Braquete Ortod™ntico;2101318
Broca Para Tratamento de Canal Radicular;2101455
Brocas Cirurgicas;2501866
Brocas Cirurgicas Odontologicas;2101075
Brocas de Perfuracao Ossea;1551135
Brocas Odontologicas;2101070
Broncoscopio;1511050
Broqueiro;1171024
Cabea met‡lica para artroplastia total contida de ombro;2700046
Cabea para artroplastia de superf’cie de ombro;2700043
Cabea para artroplastia integral de ombro;2700042
Cabo de Fibra Optica;1551590
Cabo de Interconex‹o de Dispositivos MŽdicos (Exclusivamente ElŽtrico);9000115
Cabo de Irrigacao/Aspiracao Oftalmologico;1551415
Cabo para Espelho;1111042
Cabo para Laringoscopio;1501051
Cabo-Eletrodos Implantaveis;2701020
Cabo-Extensao Para Cateter;2501181
CABO/ELETRODO ELETROCIRòRGICO (Potncia maior que 50W);9000036
CABO/ELETRODO ELETROCIRòRGICO (Potncia menor ou igual a 50W);9000116
CABO/ELETRODO PARA COURO CABELUDO;9000037
CABO/ELETRODO PARA DESFIBRILA‚ÌO ENDOCARDêACA;9000038
CABO/ELETRODO PARA DESFIBRILADOR;9000039
CABO/ELETRODO PARA ELETROCARDIîGRAFO;9000040
CABO/ELETRODO PARA MARCA-PASSO;9000041
CABO/ELETRODO PARA SISTEMA DE ESTIMULA‚ÌO ELƒTRICA CEREBRAL PROFUNDA;9000035
CABO/ELETRODO PARA SISTEMA DE ESTIMULA‚ÌO ELƒTRICA PARA CONTROLE DE INCONTINæNCIA;9000042
Cabos;1551140
Cadeira de Rodas;1571030
Cadeira de Rodas com Acionamento Eletrico;1571031
Cadeira de Rodas para Higienizacao;1571032
CADEIRA DE RODAS PARA TRANSFERæNCIA/RESGATE;1511492
Cadeira Ginecologica;1511491
Cadeira Oftalmica;1511490
Cadeira Para Doador;1771030
CADEIRA PARA EXAMES;1771032
Cadeira para Hemodialise;1171001
Cadeira para Hemodi‡lise;1771031
CADEIRA PARA HIGIENIZA‚ÌO;1571029
Cadeiras Odontologicas;1171100
CADEIRAS, MESAS E SUPORTES PARA PORTADOR DE NECESSIDADES ESPECIAIS;1571038
CAGES CERVICAIS;9000078
CAGES PARA FUSÌO DE COLUNA;9000099
Calcadores Cirurgicos;1151032
Calcanheira;2502057
Calibrador de dose de radionuclideos (dosimetro);1391340
Cama Hospitalar;1771070
Cama Motorizada;1771060
Cama para parto;1771071
Camara;1771025
Camara Cintilografica (Gama Camara);1311130
Camara de Video para Endoscopia;1511335
Camara Hiperbarica;1531035
Camara Oftalmica;1511480
Camera de Video Para Cirurgia;1551650
Camera Intra-Oral/Extra-Oral;1111038
CåMERA OFTçLMICA;1511481
CAMERA PARA CAPTURA DE IMAGENS DA PELE PARA DERMATOLOGIA;1511276
Campo Cirurgico;2501640
Campo Descartavel Esteril;2501205
Caneta para Ablacao Cirurgica;2502014
Caneta para cirurgia oftalmologica;1551124
Caneta Para Eletrobisturi;1551685
Caneta para Eletrodo;2501642
Caneta para equipamentos de facoemulsifica‹o -oftalmologia;1551123
CANETA PARA FIBRA OPTICA;2501643
Caneta Para Injecao de Hormonio de Crescimento;1531355
Caneta Para Injecao de Insulina;1531352
CANETA PARA INJECAO DE MEDICAMENTO;1531356
C‰nula de bloqueio de nervos perifŽricos por ultrassom;1551151
Canulas;2501200
Canulas Metalicas;1551150
Capa EstŽril Para Microsc—pio Cirœrgico ;2502053
Capa para Seringa Tr’plice Descart‡vel;2101466
Capa protetora;2502012
Capacete para Prote‹o Pessoal;2301061
CçPSULA ENDOSCîPICA;1511749
Captador de Tireoide;1511365
CARBONO LêQUIDO ODONTOLîGICO;2101173
Carrinho Hospitalar;1771090
Carrinho Terapeutico;1771100
CATETER BALÌO PARA ANGIOPLASTIA CORONçRIA;9000005
CATETER BALÌO PARA ANGIOPLASTIA PERIFƒRICA;9000003
CATETER BALÌO PARA SISTEMA DE TERAPIA UTERINA;1331074
Cateter com Porta Para Infusao;2701445
Cateter de artŽria pulmonar;9000117
Cateter de electrofisiologia card’aca, de uso œnico;9000134
Cateter de sistema de tomografia de coerncia —ptica coronariana;9000152
CATETER GUIA INTRAVASCULAR;9000006
CATETER INTRAVASCULAR DE MICROPERFUSÌO;9000004
cateter para infus‹o subcutanea;2701705
CATETER PARA SISTEMA DE ABLACAO CARDIACA POR RADIOFREQUENCIA;9000110
Cateter Urinario Externo de Uso Masculino;2501191
Cateteres;2501190
CATƒTERES NEUROLîGICOS E DISPOSITIVOS ASSOCIADOS;9000079
Cauterizador Odontologico;2101224
Central de Monitorizacao de Pacientes;1541063
Central de Monitorizacao de Sinais Vitais;2700001
Central de Monitorizacao de Sinais Vitais;1511064
Central de Processamento de Imagens MŽdicas ;1311013
Central de Processamento de Imagens Radiologicas;1311012
Centrifuga para Sangue;1671041
Centro de Controle de Sala Cirurgica;1551660
Ceramica Fosfocalcica;2701089
Ceras Odontologicas;2101080
Cesto Coletor de Calculos;1551205
Cesto endoscopico para remo‹o de calculos;2501192
Chassis Radiograficos;1391010
Chaves Para Fixacao;1551160
CHUPETA PARA PREMATURO;1179996
Cicatrizador Para Implante e Suporte Dentario;2101021
Cilindro de Fus‹o Vertebral;2709906
Cimento de Ion™mero de Vidro;2101435
CIMENTO ORTOPƒDICO, COM MEDICAMENTO;9000064
CIMENTO ORTOPƒDICO, SEM MEDICAMENTO;9000065
Cimentos Odontologicos;2101090
Cintas;2501223
Cintas Ortopedicas;2501222
Cinto para Ostomia;2501735
Cinzeis;1551220
Cinzel Odontologico;2101027
Circuito de CPAP;1531146
Circuito para Anestesia;1551165
Circuitos Respiratorios;2501512
Cistitimo;2501943
CLIP  PARA  ANEURISMA;9000043
Clip Cirurgico com Aplicador;1551111
CLIP PARA TECIDO;9000044
Coagulador;1551175
Cola Cirurgica;2501935
Colar Cervical;2501221
Colchao Hospitalar;1771080
Colete Ortopedico;2501218
Coletores;2501220
Colimador Luminoso: Multilaminas;1391250
Colposcopio;1511060
Comp™mero;2101351
COMPïMERO PARA RESTAURA‚ÌO ODONTOLîGICA;2101314
Componente de artroplastia de superf’cie do œmero - cotovelo;2700056
Componente glen—ideo monobloco para artroplastia de ombro;2700048
Componente glen—ideo para artroplastia de ombro;2700045
Componente radial para artroplastia de cotovelo;2700054
COMPONENTES ACETABULARES;9000066
COMPONENTES DE CABE‚A FEMORAIS;9000067
COMPONENTES DE CABE‚A UMERAIS;9000068
Componentes de Implante Odontologico;2101397
Componentes de Metal Simples/Multiplos;2701040
Componentes de Orteses e Proteses Externas;2501560
COMPONENTES FEMORAIS - HASTES;9000069
COMPONENTES FEMORAIS NÌO MODULARES PARA ARTICULA‚ÌO DO QUADRIL ;9000070
COMPONENTES FEMORAIS PARA ARTICULA‚ÌO DE JOELHO;9000071
COMPONENTES FEMORAIS UNICONDILARES PARA ARTICULA‚ÌO DE JOELHO ;9000072
Componentes Para Ortodontia;2101008
Componentes Para Ortodontia;2100008
Componentes para Protese Dentaria;2101012
COMPONENTES PATELARES;9000080
COMPONENTES TIBIAIS PARA ARTICULA‚ÌO DE JOELHO;9000073
COMPONENTES TIBIAIS UNICONDILARES PARA ARTICULA‚ÌO DE JOELHO;9000074
Compressa Absorvente Para Neurocirurgia;2509901
Compressa para Curativo;2501231
Compressas;2501230
Comprimidos e Solucoes Oftalmicas;2501240
Concentrador de Oxigenio;1571040
Condicionadores Acidos;2109240
Conduto;2701465
Conector com Luer;2501185
Conectores e Conexoes;2501250
Cones de Papel Absorvente Odontologico;2101100
Cones Para Obturacao de Canal;2101110
Cones Vaginais;2501960
Conjunto de Bloqueador Endobronquico;2501196
Conjunto de Cricotirotomia;2502000
Conjunto de medi‹o de press‹o intra-abdominal eletr™nico;9000119
Conjunto de Medidores para Protese Valvar;2501346
Conjunto de perfus‹o para conserva‹o/transporte de f’gado para transplanteÀ;9000162
CONJUNTO DE VESTIMENTA CIRòRGICA, CAMPO CIRòRGICO;2501182
CONJUNTO DE VESTIMENTA CIRòRGICA, CAMPO CIRòRGICO E COMPRESSA DE GAZE;2501183
Conjunto P/Cirurgia de Implantes Osseointegrado;2101375
Conjunto Para Administracao de Radio-Aerosol;1511013
CONJUNTO PARA ADMINISTRA‚ÌO INTRAVENOSA OU INTRAVASCULAR (IV);1511014
Conjunto Para Anestesia;2501215
Conjunto para circula‹o extracorporea;2502611
Conjunto Para Dilatacao Uretral;2501315
Conjunto para Drenagem;2501316
Conjunto para Fixacao Cirurgica;2501184
Conjunto para Introducao de Protese Biliar;2501235
Conjunto Para Nefrostomia;2501345
Conjunto para Processamento de Plasma;2501347
Conjunto Radiologico Fixo;1311060
Consultorio Odontologico;1179900
Consumo Medico-Hospitalar;2500000
Consumo Odontologico;2100000
CONTADOR DE GOTAS PARA DOSAGEM DE MEDICAMENTOS;1511141
CONTADOR GAMA AUTOMçTICO;1671405
Contra Angulo Redutor;1179901
Controlador de Infeccao Tratamento Endodontico;2100001
Controlador de Infusao;1551680
Controlador eletronico de fluxo;1511139
Controlador para Micromotor Eletrico;1551535
COPEPTINA;42926
Coroas Dentais;2101120
CORRETOR DE MAMILOS INVERTIDOS;2501581
Cortador;1551197
Cortador de Gesso;1571210
CPAP;1531145
CPAP de Nivel Duplo;1531385
Craniotomos;1551190
Creme Adesivo de Longa Duracao Para Dentadura;2109215
CREME PARA SEIOS;2501492
Criostato;1671535
Criostato Para Banco de Tecidos;1671495
Cunha Odontologica;2101015
Curativo;2501255
CURATIVO OFTALMOLîGICO;1551682
Cureta;1551195
Cureta Alveolar;2101066
Cureta Periodontal;2101395
Debridador;2501728
Demarcador de Pele;2501630
Densitometro;1671060
Dentes Artificiais;2101130
Dermatomo;1531350
Dermatoscopio;1511505
Descoladores;1551200
Descongelador de Plasma;1571146
DESFIBRILADOR AUTOMçTICO / SEMI-AUTOMçTICO EXTERNO;1531161
DESFIBRILADOR IMPLANTçVEL DE CåMARA DUPLA;9000007
DESFIBRILADOR IMPLANTçVEL DE CåMARA òNICA;9000008
DESFIBRILADOR IMPLANTçVEL PARA TERAPIA DE RESSINCRONIZA‚ÌO CARDêACA;9000009
Detector de raios-x de painel plano indireto ;9000129
Dialisadores;2501260
Diapasao;2501261
Digitalizador de Imagens Radiograficas;1319900
Dilatador Nasal;2501275
Dilatador Para Cateter;2501245
Dilatador Vascular;2501276
Dilatadores;1551210
Dilatadores;2501273
Dilatadores Esofagicos;2501274
Dinamometro Para Ortopedia;1511690
Dique de Borracha Odontologico;2101140
Disco Cirurgico;2501087
Disco de Feltro para Acabamento e Polimento ;2101151
DISCO DE LIXA PARA ACABAMENTO E POLIMENTO ;2101389
Discos de Borracha Odontologicos;2101150
Discos Diamantados;2101396
DISPENSADOR DE CIMENTO ORTOPƒDICO;9000045
Dispositivo de ajuste de v‡lvula para hidrocefalia;2701311
Dispositivo de alimenta‹o enteral por bal‹o;2501152
Dispositivo de Assistencia Ventricular;1531295
Dispositivo de Embolizacao Artificial;2501293
Dispositivo de Extracao de Calculos;2501292
Dispositivo de Fio Dental de Jato de çgua;9000126
Dispositivo de Tra‹o Cut‰nea;1531331
Dispositivo Implant‡vel para Incontinncia Urin‡ria;1531220
Dispositivo Mecanico P/Ret.Estab.Protese Total;2101009
Dispositivo mŽdico sob medida;9000128
DISPOSITIVO ORAL PARA REDU‚ÌO DA CAPACIDADE DE MORDIDA;1531024
Dispositivo P/Teste da Sindrome Apneia do Sono;2501965
DISPOSITIVO PARA ABLA‚ÌO CIRòRGICA ;2502016
Dispositivo para acionamento de equipamentos medicos;1559902
Dispositivo Para Anastomose;2501945
Dispositivo Para Auto Exame;2501830
Dispositivo Para Biopsia;1511175
Dispositivo Para Disseccao;1551155
Dispositivo para dosagem manual de medicamentos;1671272
Dispositivo Para Fixacao de Cateter;2501955
Dispositivo para Fixacao Maxilar;1551170
Dispositivo Para Fobia de Agulha;2501295
Dispositivo para implanta‹o de lentes intra oculares;1559501
Dispositivo para Inala‹o com P— Seco;2502047
Dispositivo para Inala‹o com P— Seco;2502048
Dispositivo para Incis‹o;2501623
DISPOSITIVO PARA INFUSÌO;2701706
Dispositivo para Medicao Lacrimal;2501286
DISPOSITIVO PARA MONITORAMENTO DA DIURESE;1511144
DISPOSITIVO PARA NEUROCIRURGIA;1551606
dispositivo para prote‹o embolica;2701189
DISPOSITIVO PARA REMO‚ÌO DE COçGULOS;1511174
Dispositivo para Remocao de Eletrodo;2501195
Dispositivo para Retracao Automatica de Cateter;1511185
DISPOSITIVO PARA TRANSPORTE PEDIçTRICO;1571284
Dispositivos Intra-Uterinos;2501270
Dispositivos Para Contracepcao Feminina;2501280
Dispositivos Para Fonoaudiologia;1531025
Dispositivos Para Incontinencia Urinaria;2501290
Dissectores;1551215
Distalizador de Molares;2101379
Distrator Odontologico;1151038
Distrator Odontologico Implantavel;2701404
Distrator Osseo;2501299
Dosador;2501265
Drenos;2501300
Ducha Ginecologica;2501301
Ecrans;1391040
EDTA;2101121
Elasticos Ortodonticos;2101136
Elemento de Trabalho;1551095
Eletrocardiografo;1511080
Eletrodo analgŽsico para estimula‹o elŽtrica da medula espinhal;1591051
ELETRODO CUTåNEO ANALêTICO;9000106
ELETRODO DE AGULHA SUBDƒRMICO;9000107
ELETRODO DE ATERRAMENTO PARA ELETROMIOGRAFIA;1591061
Eletrodo de estimula‹o cerebral profunda;2901016
Eletrodo de estimula‹o elŽtrica transcut‰nea ;9000118
eletrodo de referncia para sistema de mapeamento card’aco;1591052
Eletrodo de tubo endotraqueal eletromiogr‡fico;9000113
ELETRODO IMPLANTçVEL DE PROFUNDIDADE;9000081
Eletrodo para eletroretinografia;9000131
Eletroencefalografo;1511090
Eletr™metro de radia‹o;9000153
Eletromiografo;1511100
Eletronistagmografo;1511390
Elevador Cirurgico;1551222
ENDOPRîTESE (VASCULAR);9000010
Endopr—tese n‹o convencional para membros inferiores;2700080
Endopr—tese n‹o convencional para membros superiores;2700081
Endoprotese Vascular;2701055
Endoscopio Flexivel;1511110
Endoscopio Rigido;1511115
Enxerto Dermico Acelular;2701135
ENXERTO PARA OSSOS E DISPOSITIVOS ASSOCIADOS;9000046
Enxertos;2701060
Equip.Eliminador do Tartaro Supra e Sub Gengival;1171138
Equipamento a Laser Para Litotripsia;1531395
Equipamento a laser para oftalmologia;1559504
Equipamento Cirurgico;1551616
Equipamento Cirurgico de Alta Frequencia;1551600
Equipamento Cirurgico de Alta Frequencia por Ultra-Som;1551602
Equipamento Cirurgico para Discectomia;1551642
Equipamento Cirœrgico para Oftalmologia;1559503
Equipamento Cirurgico Para Ortopedia;1551615
Equipamento de AF para Terapia;1331041
Equipamento de Avaliacao Postural;1511235
Equipamento de Biopsia da Mama;1311022
Equipamento de Diagn—stico em Neurologia;1519402
Equipamento de Diagn—stico para Visualiza‹o;1511381
Equipamento de Dissecacao;1551145
Equipamento de Hemodinamica;1311032
Equipamento de Hemodin‰mica e Angiografia;1311033
Equipamento de Ondas de Choque para Ortopedia;1531390
EQUIPAMENTO DE ONDAS DE CHOQUE PARA TERAPIA;1531391
Equipamento de Purificacao de Agua Para Dialise;1571215
Equipamento de Ressonancia Magnetica;1311080
EQUIPAMENTO DE RF PARA ABLA‚ÌO;1551603
Equipamento de RF para Terapia;1331042
Equipamento de Suporte;1571051
Equipamento de Tomografia Computadorizado;1311090
Equipamento de Ultra-Som para Estetica;2809005
Equipamento Eletromagnetico Para Terapia;1531400
Equipamento mec‰nico para reabilita‹o locomotora;1571034
Equipamento Oftalmologico;1571072
Equipamento P/ Controle de Temperatura Corporal;1531095
Equipamento p/ Profilaxia Odontol—gica Bicarbonato de S—dio/Ultrassom;1171022
EQUIPAMENTO PARA ADMINISTRACAO DE RADIOFARMACO INALAVEL;1311194
Equipamento Para Angiografia;1311100
Equipamento para Angiopl‡stia;1332025
Equipamento para autotransfus‹o;2509992
EQUIPAMENTO PARA AVALIA‚ÌO DE ESTABILIDADE DE IMPLANTES DENTçRIOS;1111015
Equipamento para avalia‹o e fisioterapia dos mœsculos respirat—rios;9000127
Equipamento para Avalia‹o Visual;1511569
Equipamento para Carboxiterapia;2809007
Equipamento para Clareamento Dental;1111016
Equipamento para Clareamento Dental e Fotopolimeriza‹o de Resinas;1111017
Equipamento para Diagn—stico em Neurologia;1519401
Equipamento Para Diagnostico em Proctologia;1511135
Equipamento para Dialise Peritoneal;1531092
Equipamento para Drenagem Linfatica;1531082
Equipamento para Emissao Otoacustica;1519901
Equipamento Para Fotoferese;1531055
EQUIPAMENTO PARA FOTOPOLIMERIZA‚ÌO;1111021
Equipamento Para Manometria Esofagica;1511025
Equipamento para manometria esof‡gica e anorretal;1511343
Equipamento para Mobiliza‹o Passiva Cont’nua;1531083
Equipamento para Termoterapia;1331076
Equipamento para Tratamento de Dialises Cronicas;1531091
EQUIPAMENTO PARA URODINåMICA E MOTILIDADE DIGESTIVA;1511031
Equipamento Tomografia por Emissao de Positrons;1311036
EQUIPAMENTO TOMOGRAFIA POR EMISSAO DE POSITRONS E RESSONANCIA MAGNETICA (PET/MRI);1311034
EQUIPAMENTO TOMOGRAFIA POR EMISSAO DE POSITRONS E TOMOGRAFIA COMPUTADORIZADA (PET/CT);1311035
Equipamento Vibrador Fisioteraputico;1531041
Equipo Arterial;2501321
Equipo de Transferencia;2509900
Equipo p/ Aspirador Cirœrgico;2901015
Equipo Para Hemodialise;2501324
Equipo para Sangue;2501368
Equipos;2501320
Equipos Odontologicos e Acessorios;1171140
Escalpes;2501330
Escova de Limpeza e Assepsia;2501331
Escova Odontologica Para Profilaxia;2101160
Escova Para Procedimentos Invasivos;2501325
Esfigmomanometro;1511240
Esfincterotomo;1551235
ESPA‚ADOR;251015
Espacador Endodontico;2101028
Espacador Odontologico;2101165
ESPA‚ADOR PARA OTORRINOLARINGOLOGIA;2502036
Esparadrapos e Fitas Adesivas;2501340
Espatulas;1551245
Especimetro;1551232
Especulo Descartavel;2501350
Especulos;1551240
Espelho Bucal;2101029
Espelhos;1551230
ESPIRAL PARA EMBOLIZA‚ÌO NÌO NEUROVASCULAR;9000011
ESPIRAL PARA EMBOLIZA‚ÌO NEUROVASCULAR;9000012
Espirometro (Espirografo);1511130
Esponja Cirurgica;2501243
Estabilizador de Tecido;2501359
Estabilizador para Deficientes;1571036
Estabilizadores Dentarios;2101013
Estativa Porta-Tubo;1391280
Esteira Ergometrica;1530002
ESTEIRA ERGOMƒTRICA UTILIZADA PARA DIAGNîSTICO MƒDICO;2809022
Estereoscopio;1511660
Esterilizador;1391013
Esterilizador Endodontico;1171295
ESTERILIZADOR POR PLASMA DE PERîXIDO DE HIDROGæNIO;1571164
ESTERILIZADOR POR VAPOR DE PERîXIDO DE HIDROGæNIO ;1571163
ESTESIïMETRO;1519403
Estetoscopio;1511230
Estetoscopio Digital;1511735
ESTETOSCOPIO ESOFAGEAL;1511231
Estiletes;2501135
Estimulador de Respostas Para Diagnostico;1591090
Estimulador Eletrico;1531100
Estimulador Muscular - Tonificador;2809004
Estimulador Muscular Isotonico-Isometrico;2809002
Estimulador Neuromuscular;1531230
Estimulador Neuromuscular para Al’vio da Dor;1531231
Estribos;1551250
Estufa;1571070
Evacuador de Bexiga;1551241
Evidenciador de Placas;2109010
EXERCITADOR DO MòSCULO DO ASSOALHO PƒLVICO;1531039
Expansor de Tecido;2701087
Expansor Peniano;2501860
Extens‹o;2501366
Extensor;2501365
EXTENSOR PARA ELETRODO IMPLANTçVEL;2701021
EXTIRPA-NERVOS PARA ODONTOLOGIA;2101184
Extrator;1551265
Extrator de Calculos;1551255
EXTRATOR DE CIMENTO ORTOPƒDICO;9000047
Extrator de Plasma;1671330
Extrator ObstŽtrico Ativo;1551021
Facas;1551130
Facoemulsificador;1551675
Faixas;2501380
Fibra de Reforco Odontologica;2101440
fibra optica;1551133
FILME DOSIMƒTRICO;2301015
FILME PROTETOR;2501254
Filmes Para Raios X;2301010
FILTRO INTRAVASCULAR E DISPOSITIVOS ASSOCIADOS;9000048
Filtro Para Gases;2501394
Filtro Para Remocao de Leucocitos (Laboratorio);1671335
Filtro Para Remocao de Leucocitos (Transfusao);2501392
Filtro Para Sangue/Filtro Arterial;2501393
Filtro para Solucao Intravenosa;2501339
Filtro para Ventilacao Mecanica;2501391
Filtro Venoso;2701082
Filtros;2501390
Fio Afastador Odontologico;2109012
Fio de Infusao;2501395
Fio de Sutura;2501399
Fio e cabo flex’veis absorv’veis;2700103
Fio e cabo flex’veis n‹o absorv’veis;2700102
Fio Guia;2501401
FIO GUIA CARDIOVASCULAR;9000013
FIO GUIA DE USO GERAL, NÌO VASCULAR;9000014
Fio Para Ortodontia;2101170
Fios de Cerclagem;2701070
Fios e Fitas Cirurgicos;2501400
Fios Retratores Odontologicos;2101394
Fita Cirurgica Elastica;2501403
Fixacao de Elementos Proteticos;2101175
FIXADOR;2501839
Fixador de Cranio;1551131
Fixador Para Canula;2501840
Fixadores Externos;2701090
FLEBOSCîPIO;1511072
Fluido Com Fluor de Uso Odontologico;2101171
Fluido Para Irrigacao Endodontica;2109220
Fluido para Solda Ortodontica;2109260
FLòOR;2101468
Fluxometro;1511140
Foco Auxiliar;1571310
Foco Cirurgico;1571080
Fonte de Luz Fria;1571090
Fonte de Luz Para Procedimentos Ambulatoriais;1571270
Fonte de Oxigenio;1531135
Fonte de radionucl’deos, garantia de qualidade;9000138
Forceps;1551260
Forceps Odontologico;1151044
Forradores Dentinarios;2101399
Fot—foro;1551500
Frasco de Alimentacao;2501415
Frascos Coletores;2501410
Gabarito Para Medicao de Enxerto;2502005
Ganchos;1551270
Ganchos e Grampos Para Odontologia;2101180
GARROTE;2501614
Garrote Pneumatico;1551062
Gas Oftalmologico;1551681
Gazes e Ataduras;2501385
Gel;2501575
Gel barreira de adesao;1551696
GEL DE SILICONE EM BISNAGA;1551049
Gel Para Eletrodo;2501620
Gel Para Ultra-Som;2501625
GERADOR DE FLUXO PARA CPAP;1531147
Gerador de Oxigenio;1571135
Gerador de ozonio para desinfec‹o de cpap;1571067
Gerador de Ozonio para Estetica;2809060
Gerador de Ozonio para Odontologia;2809061
GERADOR DE OZïNIO PARA ODONTOLOGIA E ESTƒTICA;2809058
Gerador de Pulso Implantavel p/ Neuroestimulacao;2701046
Gerador de Pulso P/ Nervo Vago (Neurologia);2701045
Gerador de RadiofreqŸncia para Neurocirurgia ;1551604
Gerador de Raios X;1391290
Gerador de v‡cuo;1571239
GERENCIADOR DE IMAGENS MƒDICAS;1311018
Gesso Sintetico;2501695
GODIVA ODONTOLîGICA;2101273
GRAMPEADOR CIRòRGICO;9000049
Grampo com componente n‹o absorv’vel para osteoss’ntese ou ligamentoplastia;2700101
Grampo Para Sutura;2501422
GRAMPOS para sutura;9000075
Gravador de Sinais Fisiologicos;1511015
Guia;2501406
Guia de feixes laser, com disparo lateral;9000137
Guia Para Introducao de Cateteres;2501370
Guincho Eletrico;1771140
Gutta-Percha;2101200
Haste modular sem cabea para artroplastia de ombro;2700041
Haste n‹o modular para artroplastia de ombro;2700040
Haste ulnar para substitui‹o articular de punho;2700070
HASTES îSSEAS;9000076
Hemoconcentrador;2501800
Hemofiltradores;2501801
Hemostaticos Absorviveis;2701101
Hemostaticos Cirurgicos;2501430
Higienizador do canal auditivo e/ou narinas;1571123
Histerometro;1511405
HISTEROSCîPIO;1511424
Identificador de Caries;2109011
Identificador de Instrumental;2501915
Imageamento Ultrassonico Intravascular Coronario;1311061
Imobilizador Ortopedico;2501100
Imobilizador para Raio X;2501880
Impactores;1551280
Impedanciometro;1511270
IMPLANTE ;2710000
IMPLANTE ANAL;2701034
Implante Capilar;2701332
Implante Cardiovascular;2701439
Implante de fixa‹o halo-craniano;2700116
Implante Endovascular;2701085
Implante esfincter;2701086
Implante Facial;2701036
Implante Ginecol—gico;2701507
Implante Ginecol—gico;2701506
Implante Intracardiaco;2701165
Implante Oftalmol—gico;2701456
Implante Oftalmologico;2701167
IMPLANTE ORTOPƒDICO COM FçRMACO;2701437
Implante Para Aneurisma;2701277
Implante para artroplastia total interfalangiano para m‹o;2700077
Implante para artroplastia total metacarpo-falangiano;2700078
Implante para artroplastia total metatarso-falangiano do h‡lux;2700079
Implante Para Ligamento;2701274
Implante Para Plastica Reparadora;2709501
IMPLANTE PARA TECIDO MOLE OU CARTILAGINOSO;2701273
Implante Urol—gico;2701278
Implantes Absorviveis;2709801
Implantes Auditivos;2701035
Implantes Dentarios (Osseointegravel);2701125
Implantes Mamarios;2701275
Impressora para Imagens Medicas;1311044
Incubadora de Plaquetas;1671215
Incubadora de Transporte;1531235
Incubadora Neonatal (Recem-Nascidos);1531110
INCUBADORA PARA GAMETAS E EMBRIÍES;1671321
INCUBADORA PARA LABORATORIO DE SAòDE;1671319
Indicador de Radia‹o;2501902
INJETOR PARA OSSO VERTEBRAL;9000050
Instrumental Endoscopico;1551620
INSTRUMENTAL MONOPOLAR/BIPOLAR PARA ELETROCIRURGIA;1551673
Instrumental para Cirurgia Buco-Maxilo-Facial;1551277
Instrumental Para Endoscopia;1511105
Instrumental para Fixacao de Coluna;1551276
Instrumental para Implante de Coluna;2501437
Instrumental Para Implante Ortopedico;1551560
Instrumental para Incisoes Dermatologica;2501439
Instrumental para Laparoscopia;1551672
Instrumental para Laringoscopio;2501438
Instrumental Para Sutura e Retirada de Sutura;1551275
Instrumental para V‡lvulas Cardiacas;1551291
Instrumento Cirurgico Para Implantes Dentarios;2101221
Instrumento P/ Medicao de Parametros da Cornea;1511590
Instrumento P/Medicao de Tecidos Intra-Oculares;1511595
Instrumento Para Avaliacao do Campo Visual;1511570
Instrumento Para Biopsia;1551550
Instrumento para Colocacao de Lentes;1511571
Instrumento para Corte do Tecido Osseo;1551293
Instrumento para Dentistica;2101022
Instrumento Para Manuseio de Proteses;2101045
Instrumento Para Medicao de Lentes;1511580
INSTRUMENTO PARA MEDI‚ÌO DE VIAS AƒREAS;1511586
Instrumento Para Perfuracao;1551290
Instrumento Para Periodontia;2101445
Instrumento para sistema endosc—pico eletrocirœrgico / ultrass™nico;9000145
Instrumentos Auxiliares na Pratica Odontologica;2101400
Instrumentos cirœrgicos;1551621
Instrumentos Cirurgicos Odontologicos;1151042
Instrumentos de Mao Odontologicos;1171180
Instrumentos de Uso Odontologico;1171036
Instrumentos Para Aspiracao Vitrea e Corte;1551480
Instrumentos Para Preparo de Canal;2101210
Insuflador;2501435
Insuflador de CO2;1551625
Insuflador e Medidor de Pressao de Baloes;1551285
Insuflador para Cateter;1551540
Insuflador para cuff de tubo endotraqueal;9000163
Insuflador Para Laparoscopia;1551670
Intensificador de Imagem;1391335
Introdutores;2501441
Intuba‹o retr—grada;2501146
Ionomero de Vidro Modificado por Resina;2101408
Irradiador Para Produtos Sanguineos;1670001
Irrigador/Aspirador Cirurgico;1551292
Isolantes Odontologicos;2101220
Joelheira;2501685
Keratometro;1511150
KIT ACADæMICO;2501444
Kit Cirurgico;1551046
KIT DE ANESTESIA COM LOCALIZADOR DE NERVO, DE ADMINISTRA‚ÌO CONTêNUA;9000105
KIT DE ANESTESIA COM LOCALIZADOR DE NERVO, DE ADMINISTRA‚ÌO òNICA;9000104
Kit de Aspiracao e Coleta de Sangue;2501900
Kit de Coleta e Aspiracao de Medula Ossea;2501947
Kit de descompress‹o lombar;9000133
Kit de Introducao de Cateter;2501465
Kit de Lactacao;2501374
Kit de Ligadura Para Varizes;1551690
Kit de Monitoracao;2501442
Kit de Procedimentos para Partos;2501443
Kit de Suspensao Vesical;2501525
Kit de Sutura;2501850
Kit de Traqueostomia;2501475
KIT DO SISTEMA A LASER PARA CIRURGIA ;1531336
KIT EMERGENCIAL PARA PROCEDIMENTOS MƒDICOS;2501729
Kit Guia de Agulha;2501323
Kit Instrumental;1551044
KIT MISTURADOR E APLICADOR DE CIMENTO;2501921
Kit p/ Bomba de Infusao;2502041
Kit p/Maquina Separadora/Recuperadora de Celulas;2509991
Kit p/Separacao e Coleta de Componentes Sanguineos;1671553
Kit para Adaptador;2501722
Kit para Aferese;1531301
Kit para Anestesia;1551048
Kit para Angiografia;1511465
Kit para Autotransfusao;2509990
Kit Para Auxilio de Puncao;2501948
Kit Para Biopsia de Medula;2501895
Kit para Cateter Venoso;2501896
Kit para cateter venoso/arterial;2501898
Kit Para Colpocitologia;1671475
Kit para Colpocitopatologia;1671170
Kit para Drenagem;2501484
Kit Para Facoemulsificacao;1551525
Kit Para Gastrostomia;1551485
Kit Para Implante Cranio-facial;2701127
KIT PARA INTRODU‚ÌO DE CATETER VASCULAR, DIRIGêVEL;9000015
KIT PARA INTRODU‚ÌO DE CATETER VASCULAR, NÌO DIRIGêVEL;9000016
KIT PARA INTRODU‚ÌO DE CATETERES / KIT DE SUPORTE A CATETERIZA‚ÌO;9000017
KIT PARA INTRODU‚ÌO DE DIU;2501271
Kit Para Lavagem de Celulas;2501940
Kit para M‡quina de Recupera‹o de Sangue;1551610
Kit Para Microneurocirurgia;1551475
Kit Para Patologia;1671465
Kit para Sistema de Separacao de Celulas;1671551
Kit Para Vitrectomia;1551416
Kit Protetico para Implantes Osseointegraveis;1179902
LA‚O PARA CAPTURA;1551032
Laco para Polipectomia;1551031
Lamina de Laringoscopio;1551085
Laminas de Bisturi Descartaveis;2501460
Laminas Descartaveis;2501455
Lampada de Fenda;1511428
Lampada Infravermelho;1531300
Lancetador;2501446
Lancetador Laser;1511142
Lancetas;2501450
Lanterna Cl’nica;1511402
Laparoscopio;1511420
LARINGOFONE;1539801
Laringoscopio;1511415
Lavadora para Desinfec‹o e Secagem de Instrumentais;1571251
Lavadora Para Reprocessamento de Materiais;1571250
Leno para Assepsia em Procedimentos MŽdicos;2501731
LEN‚OL PARA TRANSFERæNCIA DE PACIENTE;9000103
Lentes de Contato;2501470
Lentes Intra-Oculares;2701120
LENTES OFTçLMICAS ;1511612
Lentes para Equipamentos Oftalmologicos;1511611
Liga Para Amalgama Dental;2101230
Liga Para Uso Odontologico;2101235
Ligas de Ouro/Metais Preciosos p/Uso Clinico;2101240
Limas Para Odontologia;2101185
Linha Para Filtracao;2502020
LêQUIDO PARA PIGMENTA‚ÌO DE CERåMICAS;2101311
Litotripsia Extracorporea;1531315
Lixa Cirurgica;2502021
Lixa de Acabamento e Polimento Dental;2101387
Lixa Para Eletrocauterio;2501996
Lixas de Polimento Odontologico;2101250
Localizador de Apice - Equipamento Odontologico;1111014
LOCALIZADOR MAGNƒTICO ;1111018
Lubrificante de Protese Ocular;2501476
Lubrificante Intimo;2501491
Lupa Binocular;1571125
Lupa Para Uso Odontologico;1111034
Luvas Cirurgicas;2501480
Luvas Descartaveis;2501490
Luz Intensa Pulsada para terapia do olho seco;9000125
MACA DE TRANSPORTE;1771015
Maca de Transporte Para Ortopedia;1571285
Maca hospitalar;1771010
MALHA CIRòRGICA IMPLANTçVEL;2701074
Malha Tubular;2501641
MALHAS CIRòRGICAS MULTIPROPîSITO;9000082
Malhas Pos-Cirurgica;2501952
Mandril;2502054
Mandril para Canetas Odontologicas;2101260
MANGUEIRAS PARA SISTEMA ULTRASSONICO;1391016
Manipulador uterino;1519501
Manometro Para Pressao Arterial;1511045
Manta Termica;2501875
Maquina Para Recuperacao de Sangue;1531245
MARCA-PASSO CARDêACO IMPLANTçVEL DE CåMARA DUPLA, COM RESPOSTA EM FREQUæNCIA;9000051
MARCA-PASSO CARDêACO IMPLANTçVEL DE CåMARA DUPLA, POR DEMANDA;9000052
MARCA-PASSO CARDêACO IMPLANTçVEL DE CåMARA òNICA DE FREQUæNCIA FIXA E DEMANDA;9000053
MARCA-PASSO CARDêACO IMPLANTçVEL DE CåMARA òNICA, COM RESPOSTA DE FREQUæNCIA;9000054
MARCA-PASSO IMPLANTçVEL PARA TERAPIA DE RESSINCRONIZA‚ÌO CARDêACA;9000055
MARCA-PASSO INTRACARDêACO;9000056
Marcador Biologico;2701015
Marcador de mucosa oral;2501631
MARCADOR OPTICO PARA RADIOTERAPIA;2901011
Marcador para navega‹o cirœrgica;1551545
MARCADOR RADIOPACO;1319011
Marcapasso Gerador de Pulsos Externos;1531180
Martelos;1551310
MçSCARA FACIAL CIRòRGICA;9000143
Mascara para Seio;2501505
Mascaras;2501500
Massageador Terapeutico;1531320
Materiais Auxiliares de Dentistica;2101463
Materiais para Detec‹o de Endotoxinas;1511751
MATERIAIS PARA DETEC‚ÌO DE ENDOXINAS;1671185
Materiais para Endodontia;2109270
Materiais para Transplante de Cornea;2501876
Materiais Para Verificacao da Oclusao;2101461
Materiais, Artigos, Instrumentos e Acessorios;3100000
MATERIAL A BASE DE FIBRA DE VIDRO PARA CONFEC‚ÌO DE PRîTESE DENTAL;2101317
Material de Acabamento e Polimento;2101272
Material de Marcacao Cirurgica;1551305
Material de moldagem auricular;2501081
Material de Moldagem Odontologico;2101270
Material de Obturacao Temporaria;2101271
Material de Prova para Cimentacao;2101430
Material EstŽril para Prote‹o;2502051
Material P/Desinfeccao e Obturacao Canal Radicular;2101225
Material para limpeza de aparelhos ortod™nticos remov’veis;2101164
Material Para Limpeza de Protese Odontologicas;2101085
MATERIAL PARA MICRO ABRASÌO DENTAL ;2101061
Material para Re-embasamento de Pr—tese Dent‡ria;2502043
MATERIAL PARA REFOR‚O DE SUTURA;1551306
Material Restaur.Odontologico a Base de Ceramica;2101315
Material Restaurador Provisorio Fotopolimerizavel;2101425
MATERIAL TERMOPLçSTICO PARA FABRICA‚ÌO DE DISPOSITIVOS ODONTOLîGICOS;9000120
Matriz Odontologica;2101014
Medidor de Cor da Pele;1511285
Medidor de Fluxo Expiratorio/Inspiratorio;2501501
Medidor de Parametro Fisiologico p/ Educ. Fisica;2809080
Medidor de Permeabilidade da Pele;1511275
Medidor de pH;1671220
Medidor de Radiacao;1391090
Medidor para Implante;2502008
Medidor para Valvula Cardiaca;1591100
Medidores de Profundidade;1551320
Meia Anti-Embolismo;2501905
Meia Elastica Para Terapia;1531066
Meio de Cultura Para Fertilizacao In Vitro;2501990
MEMBRANA BIOLîGICA DE ORIGEM BOVINA;2701067
membrana implantavel para neurologia;2709991
Membranas Descartaveis;2501736
Membranas Regeneradoras;2701065
Membranas Regenerativas Odontologicas;2109218
Mesa Cirurgica;1551050
Mesa Cl’nica Motorizada;1771127
Mesa Ginecol—gica;1771126
Mesa p/ Fisioterapia;1771124
Mesa para Exame;1771125
Mesa para exame;1571286
Micro Motor Odontologico;1171026
Microdebridador;1559701
Microparticulas Para Embolizacao;2501495
Microscopio;1671180
Microscopio Cirurgico;1551060
Microscopio Oftalmologico;1511565
Miniplacas;2701155
Misturador de Ar;1559999
Misturador de Gases para Analgesia Inalatoria;1171075
MISTURADOR PARA CIMENTO ORTOPƒDICO;9000057
Mocho Odontologico;1179090
Modelador Nasal;2502046
Modelador Vaginal;1551172
Modelador Vaginal;1551171
Moldeira de Impressao;2101385
Moldeira para Odontologia;1151090
MONITOR CARDêACO IMPLANTçVEL;1519105
MONITOR DE COMPOSI‚ÌO CORPORAL;2809076
Monitor de Debito Cardiaco;1511220
Monitor de EEG;1511215
Monitor de Oxido Nitrico;1511745
MONITOR DE PARAMETROS FISIOLOGICOS;2809036
Monitor de Parametros Fisiologicos P/Exercicios;2809035
Monitor de pH Esof‡gico;1511342
Monitor de PH Esof‡gico;1511341
Monitor de PH Estomacal;1511340
Monitor de Pressao;1559991
Monitor de Pressao Arterial Invasivo;1511040
Monitor de Pressao Arterial Nao Invasivo;1511041
Monitor de Pressao Intra-Compartimental;1511325
Monitor de Pressao Intracraniana;1511370
MONITOR DE PRESSÌO PARA VIAS AƒREAS;1559992
Monitor de Sinais Vitais;1511160
Monitor de Sinais Vitais Transtelefonico;1511165
Monitor Fetal;1511070
MONITOR P/ EXIBICAO DE IMAGENS MEDICAS E CIRURGIA;1311017
Monitor Para Marcapasso;1531185
Monitor Para Movimento Ocular;1511600
Morceladores;1551330
MOTOR CIRòRGICO;1151015
Motor Cirurgico Odontologico;1151016
Motor Eletrico;1551075
Motor Odontologico;1171042
Motor Pneumatico;1551061
Muletas;2501700
Munh‹o de Transferncia;2101388
Navega‹o cirœrgica por imagem guiada;1551652
Nebulizador;1531130
NOVA NOMENCLATURA;9000000
Nœcleo Odontol—gico PrŽ-fabricado;2101460
NòCLEOS ACETABULARES;9000077
Obturador;2501665
Obturador de Trocartes;1551455
oclusor septal;2701128
Oftalmoscopio;1511610
Oleo de Silicone;2501242
Optica Para Endoscopia;1591015
Ortese de Membros;2501650
Ortese Externa;2501652
Ortese Externa de Fixacao;2501660
Ortese Minima para Membros;2501655
Osmometro;1671210
Osteotomo Odontologico;2109217
Osteotomos;1551635
OTOCALORêMETRO A AR;1519800
Otoscopio;1511330
Oxicapnografo;1511173
Oxigenadores;2501510
Oximetro;1511171
Oximetro de Pulso;1511170
OXIMETRO DE PULSO PARA MONITORAMENTO NÌO CONTêNUO;1511169
Padroes, Calibradores e Controles;3300000
PAINEL DE ORTîTIPOS;1511083
Painel Multifuncional;1571085
Palmilha Ortopedica;2501676
Papel Para Articulacao;2101290
Papilotomo;1551435
Paqu’metro Oftalmol—gico;1511591
PARAFUSO DE FIXA‚ÌO ORTODïNTICO;9000083
PARAFUSO îSSEO CRANIOFACIAL BIOABSORVêVEL;9000084
PARAFUSO îSSEO CRANIOFACIAL NÌO BIOABSORVêVEL, ESTƒRIL;9000085
PARAFUSO îSSEO CRANIOFACIAL NÌO BIOABSORVêVEL, NÌO ESTƒRIL;9000086
PARAFUSO îSSEO DA COLUNA VERTEBRAL BIOABSORVêVEL;9000087
PARAFUSO îSSEO DA COLUNA VERTEBRAL NÌO BIOABSORVêVEL;9000088
PARAFUSO îSSEO ORTOPƒDICO BIOABSORVêVEL;9000089
PARAFUSO îSSEO ORTOPƒDICO NÌO BIOABSORVêVEL, ESTƒRIL;9000090
PARAFUSO îSSEO ORTOPƒDICO NÌO BIOABSORVêVEL, NÌO ESTƒRIL;9000091
PARAFUSO PARA PLACA DE CRANIOPLASTIA;9000092
Paramonoclorofenol Canforado;2101019
Particulador Osseo;2501950
PASSADOR DE SUTURA;1551622
Pasta de Protecao;2501555
Pasta Dental com Fluor;2502055
Pasta P/Tratamento e Prevencao de Alveolites;2101285
Pastas Para Profilaxia e Polimento Dental;2101305
Pea de m‹o / eletrodo eletrocirœrgico endosc—pico, monopolar, reprocessado;9000146
PE‚A FACIAL FILTRANTE;9000130
Pecas Implantaveis de Silicone;2701131
PEEK injet‡vel;2101334
PEEK para CAD/CAM;2101332
Pente para piolhos port‡til;1531211
Perfurador Odontologico;1151130
PERINEïMETRO;2809013
PERMUTADOR  DE CALOR E HUMIDADE;2509101
PHANTOMA (FANTOMA);1310113
PIGMENTOS, VEêCULOS E SOLVENTES PARA PIGMENTA‚ÌO ARTIFICIAL PERMANENTE DA PELE;1511351
Pilar de Cicatriza‹o;2101381
Pilar Protetico;2101380
Pinca Bipolar;1551355
Pinca de Fixacao;1551345
Pinca Endoscopica;1551366
Pinca Hemostatica;1551365
Pinca Para Biopsia;1551335
Pincas;1551356
Pincas Articuladas;1551340
Pincas Cirurgicas Descartaveis;2502010
Pincas de Disseccao/Pincas Anatomicas;1551350
Pino e fio r’gidos absorv’veis;2700105
Pino e fio r’gidos n‹o absorv’veis;2700104
Pino Para Moldagem/Reconstrucao Coronaria;2101376
Pinos Intraradiculares Odontologicos;2101135
Pinos Para Odontologia;2101300
Pistola de Injecao Automatica;1531065
PISTOLA DE INJE‚ÌO MECåNICA;1531064
Placa angulada tubular n‹o absorv’vel para osteoss’ntese;2700089
Placa de Aterramento Autoadesiva;1551375
Placa de Gel de Silicone;1551047
Placa de Ostomia;2502015
Placa de reconstru‹o absorv’vel para osteoss’ntese;2700094
Placa de reconstru‹o n‹o absorv’vel para osteoss’ntese;2700090
Placa e Manta Aquecedora;1531140
Placa especial absorv’vel para osteoss’ntese;2700093
Placa especial n‹o absorv’vel para osteoss’ntese;2700091
Placa n‹o absorv’vel para osteoss’ntese:;2700087
Placa reta absorv’vel para osteoss’ntese:;2700092
Placa reta n‹o absorv’vel para osteoss’ntese;2700088
Placa Terra;2501545
Placas Para Confeccao de Moldeiras;2101275
Pletismografo;1511190
Pneumotacometro;1511210
POLIAMIDA PARA FABRICA‚ÌO/PRODU‚ÌO DE PRîTESES DENTçRIAS REMOVêVEIS;2101319
Pol’grafo Card’aco;1511078
Polimero de Vidro;2101410
PONTA DE ULTRA-SOM;1151011
Pontas aplicadoras descart‡veis odontol—gicas;2101465
Pontas para Aspirador Cirurgico;1551226
PONTEIRA OFTALMOLîGICA;1551361
PONTEIRA PARA USO OFTALMOLîGICO;1551359
Ponteiras de Radiofrequencia Para Cirurgia;1551358
Porcelana em Po Para Odontologia;2101310
Porcelana/ Cer‰mica Odontol—gica;2101378
Porta Matriz Odontologico;2101391
Porta-Agulhas;1551360
Posicionador card’aco;1551134
Posicionador Radiologico;2301070
Prancha de Imobilizaao;2502042
PRANCHA PARA TRANSPORTE;2502044
Preservativos;2502058
Preservativos Femininos;2501515
Preservativos Masculinos;2501520
Pressurizador;2501521
Processador de Componentes Sanguineos;1671135
Processador de Imagens de Raio-X;1311114
Processadora Automatica Para Filmes de Raios X;1311110
Processadora de Imagem de Video p/ Endoscopia;1511375
Programador de Dispositivos Implantaveis;1531175
Projetor Oftalmologico;1511081
Protecao Plumbifera Para Raios X;1391150
Protese Biliar;2701145
Protese de Panturrilha;2701001
PRîTESE DE TENDÌO PARA MÌO;9000093
Protese Externa;2501670
Protese Glutea;2701002
Protese Glutea;2701003
Pr—tese Pancre‡tica;2701505
PRîTESE PARA LIGAMENTO, BIOABSORVêVEL;9000094
PRîTESE PARA LIGAMENTO, NÌO BIOABSORVêVEL;9000095
Protese Para Tendao;2701286
Protese Testicular;2701290
PRîTESE VALVULAR CARDêACA BIOLîGICA;9000018
PRîTESE VALVULAR CARDêACA MECåNICA;9000019
Proteses Auditivas;2701140
Proteses Cardiovasculares;2701150
Proteses Esofagiana, Laringeal e Traqueal;2701250
Proteses Faciais;2701260
Proteses Mamarias;2701270
Proteses Peniana;2701280
PRîTESES TOTAIS DE JOELHO;9000096
PRîTESES TOTAIS DO QUADRIL;9000097
Proteses Uretrais;2701285
Proteses Vasculares;2701300
Protetor de Agulha;2501045
Protetor de Estoma;2501056
Protetor Para Cone Luer;2501055
Protetor para Membros Residuais(Coto);2501656
Protetores;2501539
Protetores ( partes de equipamentos );2501535
Protetores (ocular, de mamilo e outras partes do;2501530
Pupilometro;1511630
Radiologia e Diagnostico por Imagem;1300000
Radiometro;1531215
Raspadores;1551370
Recipiente P/Acondicion.Instrumental Cirurgico;2501536
Recipiente P/Armazenar e Transportar Produtos;1571230
Recipiente para Perfurocortantes/Infectante;2501541
Reconstrucao de Deficiencia do Tecido Mole;2709901
Recuperador Endovascular de Corpos Estranhos;1311158
Refletor Parabolico;1571290
Refletores Odontologicos;1171190
Refratometro Oftalmico;1511640
Refrigerador ou Freezer Laboratorial/Hospitalar;1571145
Registrador de Sinais Vitais;1571130
RƒGUA ANTROPOMƒTRICA PEDIçTRICA;1310001
RŽgua calibradora endod™ntica;2101111
Regulador de Press‹o;1571242
Regulador de Vacuo;1571241
Reguladores de Pressao de Gases Medicinais;1571240
Removedor Mecanico de Placa Dentaria;2109300
Reprocessador de Hemodialisador;1571155
Reservatorios;2501550
RESINA A BASE DE POLIACETAL PARA PRîTESE ODONTOLîGICA;2101333
Resina Autopolimerizavel p/Reembasamento Proteses;2101325
Resina Composta  Fotopolimeriz‡vel;2101330
Resina Composta Autopolimeriz‡vel;2101331
Resina Fluida para Uni‹o;2101018
Resinas Acrilicas Odontologicas;2101320
Respirador Artificial;1531150
Respirometro;1531225
Ressectoscopio;1551698
Ressuscitador Cardio-Pulmonar;2501730
RESTRITORES, PRESSURIZADORES E SELADORES DE CIMENTO ORTOPƒDICO;1551631
Retinografo;1519601
Retin™metro;1511665
Retinoscopio;1511650
Retosigmoidoscopio;1511435
RETRATOR DE ACESSO;1551011
Retratores;1551465
Retratores Gengivais e Hemostaticos;2109216
REVîLVER DISPENSADOR DE CIMENTO ORTOPƒDICO;9000058
ROLETE DE MICROAGULHAS PARA ESTƒTICA;2501044
Rompedor de Membrana Amniotica Descartavel;2501570
ROUPA PARA BIOESTIMULA‚ÌO;2809062
SACA PROTESE;1171185
Scanner Fluorescente;1311200
Secadora Hospitalar;1571140
Seladora de Tubos;1671055
Selante Odontologico;2301040
Selante Para Canal Radicular;2101125
Selantes Para Fossulas/Fissuras;2101350
Sementes Para Irradiacao;2701350
Sensor de fluxo de gases para circuito respirat—rio;9000151
Sensor de Fluxo Respirat—rio;1531086
SENSOR DE OXIGæNIO;9000150
SENSOR PARA AQUISI‚ÌO DE IMAGENS RADIOLîGICAS;1319015
SENSOR PARA SISTEMA IMPLANTçVEL DE MONITORAMENTO DA GLICOSE;9000101
Sensor Tor‡xico de Movimento Respirat—rio;1531087
Sensores;2501170
Sensores de Temperatura;1511675
Sensores Para Oximetria;1531085
Seringa Carpule Odontologica;2101055
Seringa para Odontologia;1151100
Seringa Tr’plice Odontol—gica;2101035
Seringas;2501585
Seringas Descartaveis;2501580
Serra ElŽtrica Cirœrgica;1551391
Serras;1551390
Silicone Autopolimeriz‡vel para Reembasamento;2502009
SIMULADOR DE CAMINHADA;2809042
Simulador Radioterapico;1391180
Sist.Instrum.P/Implantacao Proteses Ortopedica;1551640
"Sistema ""Holter""";1511350
Sistema a Laser de Multiplo Uso em EstŽtica ;1531326
Sistema a Laser Para Cirurgia;1531335
Sistema a Laser Para Depilacao;1531325
Sistema a LED para Terapia;1331065
SISTEMA A VçCUO PARA TRATAMENTO DE FERIDAS;2809047
Sistema cirœrgico rob—tico;9000156
Sistema cirœrgico ultrass™nico de tecido mole;9000147
Sistema Combinado de Ultrassom e Eletroestimula‹o para Terapia;1331015
Sistema Combinado de Ultrassom e Laser para Terapia;1331016
Sistema Computadorizado de Anestesia;1171012
Sistema de Aferese;1671155
Sistema de Analise de ECG;1511195
Sistema de Analise de Holter;1511205
Sistema de an‡lise de marcapasso implant‡vel transtelef™nico;9000140
SISTEMA DE ANçLISE DE MARCHA;1319902
Sistema de artroplastia total n‹o restrita de cotovelo;2700050
Sistema de Aspiracao Traqueal;2501357
Sistema de Avaliacao e Testes Isocineticos;1511730
Sistema de Bomba Balao Intra-Aortica;1580000
Sistema de Braquiterapia;1331031
Sistema de Cimentacao Ossea;2501985
Sistema de Circulacao Extracorporea;1551530
Sistema de Compressao de Membros;1531360
SISTEMA DE DERIVA‚ÌO (BY-PASS) CARDIOPULMONAR E DISPOSITIVOS ASSOCIADOS;9000059
SISTEMA DE DESPRENDIMENTO DE BOBINAS PARA TERAPIA DE ANEURISMAS;1551664
Sistema de Diagn—stico Radiol—gico;1319010
Sistema de Dosificacao de Solucoes;2502035
Sistema de Drenagem;2501710
Sistema de Drenagem e Monitoracao de Pressao;2501592
SISTEMA DE ENDOSCOPIA;1511109
Sistema de Endoscopia por Capsula Endoscopica;1511750
Sistema de estimula‹o de tosse;1531132
SISTEMA DE ESTIMULA‚ÌO ELƒTRICA CEREBRAL PROFUNDA;9000020
Sistema de Fechamento do Esterno;2701171
Sistema de Fixacao Externa;2709910
Sistema de Fluxo Laminar;1671250
Sistema de garantia da qualidade para Radioterapia;9000166
Sistema de Hemoadsorcao;1531375
Sistema de Implanta‹o de Lentes;1551136
SISTEMA DE IMPLANTE AUDITIVO;9000060
Sistema de Infusao;2501701
Sistema de Insuflamento para Angioplastia;2501593
Sistema de Irrigacao;2501702
Sistema de Jateamento;1171044
Sistema de Laser Para Terapia;1331070
Sistema de Lavagem Para Procedimentos Cirurgicos;1571300
Sistema de Limpeza das Vias AŽreas atravŽs de Oscila‹o de Alta Frequencia;1531072
Sistema de Litotripsia /Urologia/Gastroenterologia;1531312
SISTEMA DE LOCALIZA‚ÌO DE CATETER;1511247
SISTEMA DE LUZ PULSADA PARA ESTƒTICA;1531327
SISTEMA DE LUZ ULTRAVIOLETA PARA TERAPIA;1331061
Sistema de Microondas Para Terapia;1331050
Sistema de Mistura de Solucoes;1670003
Sistema de Monitoracao de Paciente;1519995
Sistema de Monitoracao de Parametros Sanguineos;1511245
Sistema de Monitoracao Perinatal;1511430
Sistema de Monitoramento do Sono;1511225
SISTEMA DE NAVEGA‚ÌO CIRòRGICA;1551533
Sistema de Oclusao Vascular;2501709
Sistema de Ondas-Curtas Para Terapia;1331080
Sistema de Particulas Radioativas Para Terapia;1331010
SISTEMA DE PERFUSÌO DE FêGADO;1531314
SISTEMA DE PERFUSÌO DE RIM;1531313
Sistema de Preparacao de Enxertos;1551695
Sistema de prote‹o emb—lico;2501901
sistema de pulsa‹o tŽrmica da p‡lpebra;1111019
Sistema de Radiocirurgia;1331020
Sistema de Radiografia Digital;1311038
Sistema de Radioterapia;1331091
SISTEMA DE RADIOTERAPIA POR PROTONS;1331092
Sistema de raio-x odontol—gico intraoral port‡til, digital;9000149
Sistema de Telemetria;1511125
Sistema de Terapia Extracorporea;1531311
Sistema de Terapia por Energia EletromagnŽtica;1331075
Sistema de tomografia de coerncia —ptica coron‡ria;9000161
Sistema de Torniquete;2501613
Sistema de transmiss‹o/recep‹o de sinais fisiol—gicos via telefone;9000164
Sistema de Ultra-Som Para Terapia;1331060
SISTEMA DE ULTRASSOM PARA ABLA‚ÌO;1331062
Sistema de Video Cirurgico;1559990
Sistema eletrocirœrgico;1151021
Sistema Estereotaxico;1551645
Sistema extramuscular de estimula‹o elŽtrica do diafragma/nervo frnico;9000154
Sistema Fluoroscopico de Raios X;1311190
SISTEMA HOLTER E MONITOR DE PRESSÌO ARTERIAL NÌO-INVASIVO;1511352
SISTEMA IMPLANTçVEL DE MONITORAMENTO DA GLICOSE;9000100
Sistema Implantavel Para Quimioterapia;2701336
SISTEMA INJETOR DE CO2;1311101
Sistema Introdutor de Cateter;1559800
SISTEMA MECANICO DE DESPRENDIMENTO DE BOBINAS PARA TERAPIA DE ANEURISMAS ;1551663
Sistema Neuroestimulador;1531370
Sistema Nuclear de Formacao de Imagens;1311160
Sistema Odontologico de Abrasao a Ar;1171032
SISTEMA OFTALMOLîGICO DE FOTOTERAPIA POR ULTRAVIOLETA;1539601
SISTEMA îPTICO TIPO CAD/CAM (TOPOGRAFIA) PARA USO ODONTOLîGICO ;2101316
Sistema para artroplastia de ombro total;2700035
Sistema para artroplastia parcial de ombro;2700037
Sistema para artroplastia total de ATM;2700071
Sistema para Artroscopia;1511685
Sistema Para Cirurgia Endoscopica;2502030
Sistema para Cirurgia Endoscopica;1551531
SISTEMA PARA CIRURGIA OFTALMOLîGICA;1559502
Sistema para Cirurgia Ortopedica;1551532
Sistema para Cirurgia îssea;1559901
Sistema para Coleta de Amostra de Sangue;2501885
Sistema Para Coleta de Componentes Sanguineos;1671045
Sistema para Deteccao de Posicao;1151046
Sistema para Diagn—stico Cardiovascular;1511079
SISTEMA PARA DIAGNîSTICO ENDO-ESTROBOSCOPIO;1511336
Sistema para EstŽtica de Abras‹o a Ar;2809006
SISTEMA PARA GRAVA‚ÌO DE IMAGENS MƒDICAS ;1319901
Sistema para Injecao de Contraste Radiologico;1311192
Sistema para Mapeamento Card’aco;1511366
Sistema Para Pectus Excavatum;2701088
Sistema para Perfuracao Ossea;1551400
Sistema para Reabilita‹o da Mobilidade Mandibular;2101056
Sistema para substitui‹o articular de tornozelo;2700058
SISTEMA PARA SUSTENTA‚ÌO DE PACIENTE;1391191
Sistema para Terapia de Pressao Respiratoria;2501594
Sistema para Terapia Expirat—ria Positiva;1531346
Sistema Para Urodinamica;1511030
Sistema profissional de clareamento dental;2101493
SISTEMA RADIOLOGICO DE AQUISI‚ÌO DE IMAGENS DIGITAIS;1311045
"Sistema Ultra-Sonico ""doppler""";1311180
Sistema/bomba para arrefecimento de cateter;2501704
SISTEMAS DE FIXA‚ÌO ORTOPƒDICOS E DISPOSITIVOS ASSOCIADOS;9000098
SISTEMAS DE FIXA‚ÌO ORTOPƒDICOS EXTERNOS;9000061
SISTEMAS INTERNOS DE FIXA‚ÌO DE COLUNA VERTEBRAL;9000062
SISTEMAS OFTALMOLîGICOS CRIOCIRòRGICOS E DISPOSITIVOS ASSOCIADOS;1551122
Software;2900005
Software aplicativo de eletrofisiologia card’aca;9000142
Software CAD / CAM;9000141
Software de interface de dados cl’nicos de equipamentos mŽdicos;9000139
Software de Planej. de Trat. P/ Radioterapia;2901010
Software de Planej. de Trat. por Radiacao;2900001
SOFTWARE DE PLANEJAMENTO CIRURGICO/CLINICO;2900002
SOFTWARE PARA PROCESSAMENTO DE IMAGENS MƒDICAS;2900003
Software para sistema de arquivo e comunica‹o de imagens para radiologia;9000136
Solda Odontologica;2101026
Soldador de Equipos e Tubos;1591045
Solucao Anticoagulante;2501565
Solucao Conservante;2501241
Solu‹o de elimina‹o de piolhos;9000165
Solucao de Limpeza de Pele;2501810
Solu‹o Lubrificante para Articula›es;2701504
Solucao para Desinfeccao de Equipamentos;1591025
SOLU‚ÌO PARA PREENCHIMENTO INTRA-ARTICULAR;2701413
Solucao para Preenchimento Intradermico;2701411
Solucao para Transplante de Orgaos;2502002
Solucao Para Uso Oftalmologico;2501244
Solucao Removedora;2501942
Sonda (sensor) de temperatura de injet‡vel;9000121
Sonda de localiza‹o de nervos, de uso œnico.;9000155
Sonda do sistema de ultrassom vascular invasivo;9000160
Sonda Exploradora;2101415
Sonda percutanea eletrocirurgica, de denervacao, monopolar, de uso unico;9000112
Sonda percutanea eletrocirurgica, de denervacao, monopolar, reutilizavel;9000111
Sonda Periodontal;2101016
Sonda Ultrass™nica Esof‡gica;1311062
Sondas;2501590
Sondas Metalicas;1551410
Spray Gelado;2501595
STENT BILIAR;9000021
STENT BRONQUIAL;9000022
STENT ESOFçGICO;9000023
STENT FARMACOLîGICO PARA ARTƒRIAS CORONçRIAS;9000027
STENT FARMACOLîGICO PARA ARTƒRIAS PERIFƒRICAS;9000028
STENT INTRACRANIANO;2701097
STENT NÌO VASCULAR (NÌO ENQUADRADO COMO BILIAR, BRONQUIAL, ESOFçGICO, PANCREçTICO, URINçRIO E VAGINAL);9000029
STENT PANCREçTICO;9000024
STENT PARA ARTƒRIAS CORONçRIAS;9000030
STENT PARA ARTƒRIAS PERIFƒRICAS;9000031
STENT URINçRIO;9000025
STENT VAGINAL;9000026
STENT VASCULAR INTRACRANIANO;9000063
STENT VENOSO PERIFƒRICO;2701353
Subst.P/Tratamento Hipersensibilidade Dentinaria;2101034
Suctor de Saliva;2101360
Suctor Odontol—gico com Coletor îsseo;2101363
Suctor Odontologico de Sangue;2101361
Suporte de Posicionamento;1551425
Suporte para apoio de limas endod™nticas ;2101187
Suporte Para Equipamento;1591035
Suporte para Imobilizacao de Paciente;1391190
Suporte Para Soro;2501703
Suportes de Fixacao;1551420
Suspensor de Bexiga;2501615
Suspensorios (escrotal, herniano e outros);2501600
Sutura Endosc—pica;2502059
Suturador Vascular;1551385
Tablado para Fisioterapia;1771123
Tacas de Borracha Para Profilaxia - Po;2101370
Talas;2501690
Talco;2509002
Tampa de Cicatriza‹o;2502007
Tampa Seladora Luer;2501635
Tamp‹o;2502011
TECIDO COM PROPRIEDADE TƒRMICA;2809064
Tecido N‹o Tecido;2501691
Tela Adesiva;2502060
Tela Intensificadora de Raio-X;2501820
Telas;2701340
Tenda de Oxigenio;1531170
Terapia;1530000
Termocauterio;1551070
Termometro Auricular;1511395
Termometro Clinico;1511400
TERMïMETRO DESCARTçVEL;1511396
Termometro Digital;1511401
TERMOMETRO DIGITAL POR INFRAVERMELHO;1511403
Termometro Retal;1511475
Tesoura Operatoria Odontologica;1151014
Tesoura para Microcirurgia;1551432
Tesouras;1551430
Tesouras Endoscopicas;1551417
Testador de Polpa Dentaria;1111020
Timpanometro;1511155
Tipoia;2501680
Tira Odontologica de Poliester;2101386
Tiras;2501601
Tom—grafo de Coerncia îptica;1311091
Tonometro;1511670
Torneiras;2501611
Torniquete;2501612
Torniquete Eletr™nico;1171043
Torno Expansor de Dilatacao/Tracao;2101335
Torqu’metro;1151054
TORQUêMETRO DIGITAL ODONTOLîGICO;1151017
Transdutor de ponta de cateter, press‹o;9000148
TRANSDUTOR DE PRESSAO SANGUINEA, DE USO UNICO;9000108
Transdutor para sistema de ecografia intravascular, de uso œnico;9000135
Transdutores;2501125
Transferente de Moldagem;2101407
TRANSFORMADOR PARA ENDOSCOPIA;2501026
TRANSMISSOR PARA SISTEMA IMPLANTçVEL DE MONITORAMENTO DA GLICOSE;9000102
Transmissor/Receptor para Aparelhos Auditivos;1531048
Trepano;1551440
Tricotomizador Cirœrgico;1551445
Trocartes;1551450
Tubo Aspirador de Fluidos Fisiologicos ;2501131
Tubo de Ventilacao Timpanica;2501355
Tubo Endobronquial;2501144
Tubo Laringeo;2501890
Tubo Para Circulacao Extracorporea;2501120
Tubo para Coleta de Sangue a Vacuo;2501332
tubo para hiposp‡dia;2501197
Tubo Para Raios X;1391330
TUBO PARA VACUO, DE USO UNICO;9000109
Tubo Traqueal;2501130
Tubos;2501610
TUBOS ORTODONTICOS;1591046
Tunelizador;2501645
Turbina de Alta Rotacao;1171296
Ultrassom Odontol—gico;1151010
Umidificador;1571180
Umidificador para Terapia Intensiva;1539910
Umidificante Oral;2101404
Unidade Cirurgica Criogenica;1551470
Unidade de çgua Odontol—gica;1171121
Unidade de analgesia criogenica;9000159
Unidade de controle do sistema de tromb—lise por ultrassom;9000144
Unidade de Controle/Motor para Acionamento de Cateter;1551076
Unidade de Terapia de Fechamento a Vacuo;1531165
Unidade de Vitrectomia;1551655
Unidade Eletrocirurgica para Corte e Coagulacao;1551461
Unidade Oftalmologica;1511305
Unidade Para Exames Otorrinolaringologicos;1511320
Unidade Port‡til para Oxigena‹o;2501509
Unidade Teste do Campo Visual e Teste de Esforco;1511575
Ureterosc—pio;1511656
Valvula Cardiaca;2701320
Valvula de Doyen;1551460
Valvula de Fala;2501225
Valvula Hemostatica;2501721
Valvula Para Gases Medicinais;1599010
Valvula Para Hidrocefalia;2701310
Valvulas e Conectores de Tubos;2501566
Valvulas Implantaveis;2701325
Valvulotomo;1551580
Vaporizador;1579900
Vaporizador Para Estetica;2809055
Ventilador de uso cont’nuo para suporte ventilat—rio m’nimo;1531149
Ventilador Manual;1531200
Ventilador Pressao e Volume;1531190
Ventilador Pulmonar a Pressao;1531151
Ventilador Pulmonar de Transporte e Emergncia;1531192
VENTILADOR PULMONAR MECANICO PNEUMATICO;1531191
Verniz Fluoretado;2101490
Vernizes Odontologicos;2101390
Vestimenta Cirurgica;2501140
Vestimenta Hospitalar;2501143
Vibrador de c‰nulas de lipoaspira‹o;1551116
Vibrador Odontologico;1151030
Video Colposcopio;1511059
